USE park_rozrywki;
SET FOREIGN_KEY_CHECKS = 0;
TRUNCATE TABLE adres;
TRUNCATE TABLE miasta;
TRUNCATE TABLE kraj;
TRUNCATE TABLE cennik_biletow;
TRUNCATE TABLE ubezpieczenia;

INSERT INTO kraj (ID_kraju, Kraj) VALUES (1, 'Poland');
INSERT INTO kraj (ID_kraju, Kraj) VALUES (2, 'Jamaica');
INSERT INTO kraj (ID_kraju, Kraj) VALUES (3, 'Jersey');
INSERT INTO kraj (ID_kraju, Kraj) VALUES (4, 'Comoros');
INSERT INTO kraj (ID_kraju, Kraj) VALUES (5, 'Ukraine');
INSERT INTO kraj (ID_kraju, Kraj) VALUES (6, 'Germany');
INSERT INTO kraj (ID_kraju, Kraj) VALUES (7, 'Yemen');
INSERT INTO kraj (ID_kraju, Kraj) VALUES (8, 'Tokelau');
INSERT INTO kraj (ID_kraju, Kraj) VALUES (9, 'Azerbaijan');
INSERT INTO kraj (ID_kraju, Kraj) VALUES (10, 'Slovenia');
INSERT INTO kraj (ID_kraju, Kraj) VALUES (11, 'Estonia');
INSERT INTO kraj (ID_kraju, Kraj) VALUES (12, 'Isle of Man');
INSERT INTO kraj (ID_kraju, Kraj) VALUES (13, 'Andorra');
INSERT INTO kraj (ID_kraju, Kraj) VALUES (14, 'South Africa');
INSERT INTO kraj (ID_kraju, Kraj) VALUES (15, 'Sri Lanka');
INSERT INTO kraj (ID_kraju, Kraj) VALUES (16, 'Croatia');
INSERT INTO kraj (ID_kraju, Kraj) VALUES (17, 'Nauru');
INSERT INTO kraj (ID_kraju, Kraj) VALUES (18, 'Rwanda');
INSERT INTO kraj (ID_kraju, Kraj) VALUES (19, 'Liechtenstein');
INSERT INTO kraj (ID_kraju, Kraj) VALUES (20, 'Tuvalu');
INSERT INTO kraj (ID_kraju, Kraj) VALUES (21, 'Bangladesh');
INSERT INTO kraj (ID_kraju, Kraj) VALUES (22, 'France');
INSERT INTO kraj (ID_kraju, Kraj) VALUES (23, 'Ghana');
INSERT INTO kraj (ID_kraju, Kraj) VALUES (24, 'Brazil');
INSERT INTO kraj (ID_kraju, Kraj) VALUES (25, 'Cameroon');
INSERT INTO kraj (ID_kraju, Kraj) VALUES (26, 'Niue');
INSERT INTO kraj (ID_kraju, Kraj) VALUES (27, 'Saudi Arabia');
INSERT INTO kraj (ID_kraju, Kraj) VALUES (28, 'Turks and Caicos Islands');
INSERT INTO kraj (ID_kraju, Kraj) VALUES (29, 'Slovakia');
INSERT INTO kraj (ID_kraju, Kraj) VALUES (30, 'Côte d''Ivoire');
INSERT INTO miasta (ID_Miasta, Miasto, ID_Kraju) VALUES (1, 'Środa Wielkopolska', 1);
INSERT INTO miasta (ID_Miasta, Miasto, ID_Kraju) VALUES (2, 'Gorzów Wielkopolski', 1);
INSERT INTO miasta (ID_Miasta, Miasto, ID_Kraju) VALUES (3, 'Chełm', 1);
INSERT INTO miasta (ID_Miasta, Miasto, ID_Kraju) VALUES (4, 'Bełchatów', 2);
INSERT INTO miasta (ID_Miasta, Miasto, ID_Kraju) VALUES (5, 'Zgierz', 2);
INSERT INTO miasta (ID_Miasta, Miasto, ID_Kraju) VALUES (6, 'Lublin', 2);
INSERT INTO miasta (ID_Miasta, Miasto, ID_Kraju) VALUES (7, 'Bydgoszcz', 3);
INSERT INTO miasta (ID_Miasta, Miasto, ID_Kraju) VALUES (8, 'Sochaczew', 3);
INSERT INTO miasta (ID_Miasta, Miasto, ID_Kraju) VALUES (9, 'Suwałki', 3);
INSERT INTO miasta (ID_Miasta, Miasto, ID_Kraju) VALUES (10, 'Mińsk Mazowiecki', 4);
INSERT INTO miasta (ID_Miasta, Miasto, ID_Kraju) VALUES (11, 'Koło', 4);
INSERT INTO miasta (ID_Miasta, Miasto, ID_Kraju) VALUES (12, 'Kościan', 4);
INSERT INTO miasta (ID_Miasta, Miasto, ID_Kraju) VALUES (13, 'Bolesławiec', 5);
INSERT INTO miasta (ID_Miasta, Miasto, ID_Kraju) VALUES (14, 'Jarosław', 5);
INSERT INTO miasta (ID_Miasta, Miasto, ID_Kraju) VALUES (15, 'Zabrze', 5);
INSERT INTO miasta (ID_Miasta, Miasto, ID_Kraju) VALUES (16, 'Łaziska Górne', 6);
INSERT INTO miasta (ID_Miasta, Miasto, ID_Kraju) VALUES (17, 'Poznań', 6);
INSERT INTO miasta (ID_Miasta, Miasto, ID_Kraju) VALUES (18, 'Dąbrowa Górnicza', 6);
INSERT INTO miasta (ID_Miasta, Miasto, ID_Kraju) VALUES (19, 'Szczecinek', 7);
INSERT INTO miasta (ID_Miasta, Miasto, ID_Kraju) VALUES (20, 'Rzeszów', 7);
INSERT INTO miasta (ID_Miasta, Miasto, ID_Kraju) VALUES (21, 'Oleśnica', 7);
INSERT INTO miasta (ID_Miasta, Miasto, ID_Kraju) VALUES (22, 'Świecie', 8);
INSERT INTO miasta (ID_Miasta, Miasto, ID_Kraju) VALUES (23, 'Lębork', 8);
INSERT INTO miasta (ID_Miasta, Miasto, ID_Kraju) VALUES (24, 'Ostrów Wielkopolski', 8);
INSERT INTO miasta (ID_Miasta, Miasto, ID_Kraju) VALUES (25, 'Radomsko', 9);
INSERT INTO miasta (ID_Miasta, Miasto, ID_Kraju) VALUES (26, 'Bartoszyce', 9);
INSERT INTO miasta (ID_Miasta, Miasto, ID_Kraju) VALUES (27, 'Leszno', 9);
INSERT INTO miasta (ID_Miasta, Miasto, ID_Kraju) VALUES (28, 'Kraśnik', 10);
INSERT INTO miasta (ID_Miasta, Miasto, ID_Kraju) VALUES (29, 'Wejherowo', 10);
INSERT INTO miasta (ID_Miasta, Miasto, ID_Kraju) VALUES (30, 'Bolesławiec', 10);
INSERT INTO miasta (ID_Miasta, Miasto, ID_Kraju) VALUES (31, 'Mińsk Mazowiecki', 11);
INSERT INTO miasta (ID_Miasta, Miasto, ID_Kraju) VALUES (32, 'Piła', 11);
INSERT INTO miasta (ID_Miasta, Miasto, ID_Kraju) VALUES (33, 'Pabianice', 11);
INSERT INTO miasta (ID_Miasta, Miasto, ID_Kraju) VALUES (34, 'Kielce', 12);
INSERT INTO miasta (ID_Miasta, Miasto, ID_Kraju) VALUES (35, 'Tarnowskie Góry', 12);
INSERT INTO miasta (ID_Miasta, Miasto, ID_Kraju) VALUES (36, 'Zduńska Wola', 12);
INSERT INTO miasta (ID_Miasta, Miasto, ID_Kraju) VALUES (37, 'Szczecin', 13);
INSERT INTO miasta (ID_Miasta, Miasto, ID_Kraju) VALUES (38, 'Piła', 13);
INSERT INTO miasta (ID_Miasta, Miasto, ID_Kraju) VALUES (39, 'Kraśnik', 13);
INSERT INTO miasta (ID_Miasta, Miasto, ID_Kraju) VALUES (40, 'Nysa', 14);
INSERT INTO miasta (ID_Miasta, Miasto, ID_Kraju) VALUES (41, 'Żagań', 14);
INSERT INTO miasta (ID_Miasta, Miasto, ID_Kraju) VALUES (42, 'Koło', 14);
INSERT INTO miasta (ID_Miasta, Miasto, ID_Kraju) VALUES (43, 'Cieszyn', 15);
INSERT INTO miasta (ID_Miasta, Miasto, ID_Kraju) VALUES (44, 'Bielsko-Biała', 15);
INSERT INTO miasta (ID_Miasta, Miasto, ID_Kraju) VALUES (45, 'Pruszków', 15);
INSERT INTO miasta (ID_Miasta, Miasto, ID_Kraju) VALUES (46, 'Ostrołęka', 16);
INSERT INTO miasta (ID_Miasta, Miasto, ID_Kraju) VALUES (47, 'Zielona Góra', 16);
INSERT INTO miasta (ID_Miasta, Miasto, ID_Kraju) VALUES (48, 'Konin', 16);
INSERT INTO miasta (ID_Miasta, Miasto, ID_Kraju) VALUES (49, 'Kętrzyn', 17);
INSERT INTO miasta (ID_Miasta, Miasto, ID_Kraju) VALUES (50, 'Piastów', 17);
INSERT INTO miasta (ID_Miasta, Miasto, ID_Kraju) VALUES (51, 'Jelenia Góra', 17);
INSERT INTO miasta (ID_Miasta, Miasto, ID_Kraju) VALUES (52, 'Brodnica', 18);
INSERT INTO miasta (ID_Miasta, Miasto, ID_Kraju) VALUES (53, 'Białogard', 18);
INSERT INTO miasta (ID_Miasta, Miasto, ID_Kraju) VALUES (54, 'Dzierżoniów', 18);
INSERT INTO miasta (ID_Miasta, Miasto, ID_Kraju) VALUES (55, 'Siedlce', 19);
INSERT INTO miasta (ID_Miasta, Miasto, ID_Kraju) VALUES (56, 'Rumia', 19);
INSERT INTO miasta (ID_Miasta, Miasto, ID_Kraju) VALUES (57, 'Turek', 19);
INSERT INTO miasta (ID_Miasta, Miasto, ID_Kraju) VALUES (58, 'Lubin', 20);
INSERT INTO miasta (ID_Miasta, Miasto, ID_Kraju) VALUES (59, 'Jaworzno', 20);
INSERT INTO miasta (ID_Miasta, Miasto, ID_Kraju) VALUES (60, 'Pruszcz Gdański', 20);
INSERT INTO miasta (ID_Miasta, Miasto, ID_Kraju) VALUES (61, 'Ostróda', 21);
INSERT INTO miasta (ID_Miasta, Miasto, ID_Kraju) VALUES (62, 'Lubin', 21);
INSERT INTO miasta (ID_Miasta, Miasto, ID_Kraju) VALUES (63, 'Krosno', 21);
INSERT INTO miasta (ID_Miasta, Miasto, ID_Kraju) VALUES (64, 'Gorlice', 22);
INSERT INTO miasta (ID_Miasta, Miasto, ID_Kraju) VALUES (65, 'Żywiec', 22);
INSERT INTO miasta (ID_Miasta, Miasto, ID_Kraju) VALUES (66, 'Koło', 22);
INSERT INTO miasta (ID_Miasta, Miasto, ID_Kraju) VALUES (67, 'Nowy Dwór Mazowiecki', 23);
INSERT INTO miasta (ID_Miasta, Miasto, ID_Kraju) VALUES (68, 'Giżycko', 23);
INSERT INTO miasta (ID_Miasta, Miasto, ID_Kraju) VALUES (69, 'Czeladź', 23);
INSERT INTO miasta (ID_Miasta, Miasto, ID_Kraju) VALUES (70, 'Jasło', 24);
INSERT INTO miasta (ID_Miasta, Miasto, ID_Kraju) VALUES (71, 'Bytom', 24);
INSERT INTO miasta (ID_Miasta, Miasto, ID_Kraju) VALUES (72, 'Bielsko-Biała', 24);
INSERT INTO miasta (ID_Miasta, Miasto, ID_Kraju) VALUES (73, 'Piła', 25);
INSERT INTO miasta (ID_Miasta, Miasto, ID_Kraju) VALUES (74, 'Zawiercie', 25);
INSERT INTO miasta (ID_Miasta, Miasto, ID_Kraju) VALUES (75, 'Tarnobrzeg', 25);
INSERT INTO miasta (ID_Miasta, Miasto, ID_Kraju) VALUES (76, 'Żory', 26);
INSERT INTO miasta (ID_Miasta, Miasto, ID_Kraju) VALUES (77, 'Gdańsk', 26);
INSERT INTO miasta (ID_Miasta, Miasto, ID_Kraju) VALUES (78, 'Stalowa Wola', 26);
INSERT INTO miasta (ID_Miasta, Miasto, ID_Kraju) VALUES (79, 'Bydgoszcz', 27);
INSERT INTO miasta (ID_Miasta, Miasto, ID_Kraju) VALUES (80, 'Police', 27);
INSERT INTO miasta (ID_Miasta, Miasto, ID_Kraju) VALUES (81, 'Szczytno', 27);
INSERT INTO miasta (ID_Miasta, Miasto, ID_Kraju) VALUES (82, 'Nowy Sącz', 28);
INSERT INTO miasta (ID_Miasta, Miasto, ID_Kraju) VALUES (83, 'Radomsko', 28);
INSERT INTO miasta (ID_Miasta, Miasto, ID_Kraju) VALUES (84, 'Goleniów', 28);
INSERT INTO miasta (ID_Miasta, Miasto, ID_Kraju) VALUES (85, 'Zduńska Wola', 29);
INSERT INTO miasta (ID_Miasta, Miasto, ID_Kraju) VALUES (86, 'Bełchatów', 29);
INSERT INTO miasta (ID_Miasta, Miasto, ID_Kraju) VALUES (87, 'Mikołów', 29);
INSERT INTO miasta (ID_Miasta, Miasto, ID_Kraju) VALUES (88, 'Sieradz', 30);
INSERT INTO miasta (ID_Miasta, Miasto, ID_Kraju) VALUES (89, 'Oleśnica', 30);
INSERT INTO miasta (ID_Miasta, Miasto, ID_Kraju) VALUES (90, 'Toruń', 30);
INSERT INTO adres (ID_adresu, Adres, ID_miasta) VALUES (1, 'al. Kamienna 68/27', 80);
INSERT INTO adres (ID_adresu, Adres, ID_miasta) VALUES (2, 'pl. Pałacowa 512', 89);
INSERT INTO adres (ID_adresu, Adres, ID_miasta) VALUES (3, 'plac Lazurowa 07/33', 67);
INSERT INTO adres (ID_adresu, Adres, ID_miasta) VALUES (4, 'plac Prosta 67', 24);
INSERT INTO adres (ID_adresu, Adres, ID_miasta) VALUES (5, 'plac Magnoliowa 10', 48);
INSERT INTO adres (ID_adresu, Adres, ID_miasta) VALUES (6, 'aleja Wierzbowa 04', 79);
INSERT INTO adres (ID_adresu, Adres, ID_miasta) VALUES (7, 'al. Poniatowskiego 29/82', 26);
INSERT INTO adres (ID_adresu, Adres, ID_miasta) VALUES (8, 'ul. Orkana 156', 21);
INSERT INTO adres (ID_adresu, Adres, ID_miasta) VALUES (9, 'pl. Liliowa 75/80', 80);
INSERT INTO adres (ID_adresu, Adres, ID_miasta) VALUES (10, 'al. Kościuszki 38/88', 68);
INSERT INTO adres (ID_adresu, Adres, ID_miasta) VALUES (11, 'plac Podwale 79', 26);
INSERT INTO adres (ID_adresu, Adres, ID_miasta) VALUES (12, 'plac Krzywa 08/39', 48);
INSERT INTO adres (ID_adresu, Adres, ID_miasta) VALUES (13, 'plac Toruńska 086', 81);
INSERT INTO adres (ID_adresu, Adres, ID_miasta) VALUES (14, 'plac Wąska 18/04', 71);
INSERT INTO adres (ID_adresu, Adres, ID_miasta) VALUES (15, 'aleja Rejtana 35', 83);
INSERT INTO adres (ID_adresu, Adres, ID_miasta) VALUES (16, 'al. Piękna 92', 77);
INSERT INTO adres (ID_adresu, Adres, ID_miasta) VALUES (17, 'al. Sportowa 563', 70);
INSERT INTO adres (ID_adresu, Adres, ID_miasta) VALUES (18, 'plac Sokola 74/58', 65);
INSERT INTO adres (ID_adresu, Adres, ID_miasta) VALUES (19, 'ulica Poniatowskiego 573', 11);
INSERT INTO adres (ID_adresu, Adres, ID_miasta) VALUES (20, 'plac Owocowa 59', 12);
INSERT INTO adres (ID_adresu, Adres, ID_miasta) VALUES (21, 'ulica Rycerska 63', 26);
INSERT INTO adres (ID_adresu, Adres, ID_miasta) VALUES (22, 'aleja Skłodowskiej-Curie 56', 43);
INSERT INTO adres (ID_adresu, Adres, ID_miasta) VALUES (23, 'al. Zwycięstwa 34/66', 46);
INSERT INTO adres (ID_adresu, Adres, ID_miasta) VALUES (24, 'pl. Witosa 79/68', 35);
INSERT INTO adres (ID_adresu, Adres, ID_miasta) VALUES (25, 'aleja Żeglarska 578', 3);
INSERT INTO adres (ID_adresu, Adres, ID_miasta) VALUES (26, 'al. Popiełuszki 85', 33);
INSERT INTO adres (ID_adresu, Adres, ID_miasta) VALUES (27, 'plac Lotnicza 73', 4);
INSERT INTO adres (ID_adresu, Adres, ID_miasta) VALUES (28, 'al. Zbożowa 133', 68);
INSERT INTO adres (ID_adresu, Adres, ID_miasta) VALUES (29, 'plac Jałowcowa 89/72', 89);
INSERT INTO adres (ID_adresu, Adres, ID_miasta) VALUES (30, 'aleja Łanowa 20', 22);
INSERT INTO adres (ID_adresu, Adres, ID_miasta) VALUES (31, 'plac Jastrzębia 551', 47);
INSERT INTO adres (ID_adresu, Adres, ID_miasta) VALUES (32, 'ulica Jesionowa 45', 52);
INSERT INTO adres (ID_adresu, Adres, ID_miasta) VALUES (33, 'aleja Magnoliowa 89', 37);
INSERT INTO adres (ID_adresu, Adres, ID_miasta) VALUES (34, 'ulica Szkolna 03', 58);
INSERT INTO adres (ID_adresu, Adres, ID_miasta) VALUES (35, 'al. Kasztanowa 63', 53);
INSERT INTO adres (ID_adresu, Adres, ID_miasta) VALUES (36, 'ul. Piastowska 418', 63);
INSERT INTO adres (ID_adresu, Adres, ID_miasta) VALUES (37, 'ulica Dworska 772', 8);
INSERT INTO adres (ID_adresu, Adres, ID_miasta) VALUES (38, 'ulica Narcyzowa 55', 39);
INSERT INTO adres (ID_adresu, Adres, ID_miasta) VALUES (39, 'pl. Zaciszna 91/93', 39);
INSERT INTO adres (ID_adresu, Adres, ID_miasta) VALUES (40, 'ulica Cegielniana 17', 40);
INSERT INTO adres (ID_adresu, Adres, ID_miasta) VALUES (41, 'pl. Piekarska 067', 50);
INSERT INTO adres (ID_adresu, Adres, ID_miasta) VALUES (42, 'al. Solidarnosci 34/36', 68);
INSERT INTO adres (ID_adresu, Adres, ID_miasta) VALUES (43, 'pl. Mickiewicza 849', 23);
INSERT INTO adres (ID_adresu, Adres, ID_miasta) VALUES (44, 'al. Orzeszkowej 84', 62);
INSERT INTO adres (ID_adresu, Adres, ID_miasta) VALUES (45, 'al. Władysława Łokietka 08/58', 53);
INSERT INTO adres (ID_adresu, Adres, ID_miasta) VALUES (46, 'al. Spacerowa 90/18', 68);
INSERT INTO adres (ID_adresu, Adres, ID_miasta) VALUES (47, 'ulica Jaśminowa 59/15', 89);
INSERT INTO adres (ID_adresu, Adres, ID_miasta) VALUES (48, 'ul. Leszczynowa 66', 45);
INSERT INTO adres (ID_adresu, Adres, ID_miasta) VALUES (49, 'ulica Mokra 54', 41);
INSERT INTO adres (ID_adresu, Adres, ID_miasta) VALUES (50, 'plac Warszawska 72/11', 14);
INSERT INTO adres (ID_adresu, Adres, ID_miasta) VALUES (51, 'pl. Rycerska 223', 19);
INSERT INTO adres (ID_adresu, Adres, ID_miasta) VALUES (52, 'aleja Srebrna 21/29', 15);
INSERT INTO adres (ID_adresu, Adres, ID_miasta) VALUES (53, 'pl. Kilińskiego 95', 67);
INSERT INTO adres (ID_adresu, Adres, ID_miasta) VALUES (54, 'plac Skłodowskiej-Curie 832', 83);
INSERT INTO adres (ID_adresu, Adres, ID_miasta) VALUES (55, 'plac Miarki 06', 75);
INSERT INTO adres (ID_adresu, Adres, ID_miasta) VALUES (56, 'ul. Krańcowa 26', 4);
INSERT INTO adres (ID_adresu, Adres, ID_miasta) VALUES (57, 'al. Królewska 328', 58);
INSERT INTO adres (ID_adresu, Adres, ID_miasta) VALUES (58, 'aleja Żurawia 85/76', 29);
INSERT INTO adres (ID_adresu, Adres, ID_miasta) VALUES (59, 'aleja Wiatraczna 34/05', 26);
INSERT INTO adres (ID_adresu, Adres, ID_miasta) VALUES (60, 'pl. Robotnicza 61/22', 31);
INSERT INTO adres (ID_adresu, Adres, ID_miasta) VALUES (61, 'ul. Wiślana 31/91', 25);
INSERT INTO adres (ID_adresu, Adres, ID_miasta) VALUES (62, 'plac Narutowicza 00/85', 23);
INSERT INTO adres (ID_adresu, Adres, ID_miasta) VALUES (63, 'al. Bociania 871', 50);
INSERT INTO adres (ID_adresu, Adres, ID_miasta) VALUES (64, 'ul. Narcyzowa 42/53', 62);
INSERT INTO adres (ID_adresu, Adres, ID_miasta) VALUES (65, 'ul. Szczęśliwa 805', 32);
INSERT INTO adres (ID_adresu, Adres, ID_miasta) VALUES (66, 'pl. Księżycowa 68', 89);
INSERT INTO adres (ID_adresu, Adres, ID_miasta) VALUES (67, 'ulica Starowiejska 24/24', 11);
INSERT INTO adres (ID_adresu, Adres, ID_miasta) VALUES (68, 'aleja Podleśna 585', 13);
INSERT INTO adres (ID_adresu, Adres, ID_miasta) VALUES (69, 'plac Bursztynowa 164', 3);
INSERT INTO adres (ID_adresu, Adres, ID_miasta) VALUES (70, 'pl. Północna 105', 15);
INSERT INTO adres (ID_adresu, Adres, ID_miasta) VALUES (71, 'aleja Stroma 88/42', 33);
INSERT INTO adres (ID_adresu, Adres, ID_miasta) VALUES (72, 'ul. Nałkowskiej 347', 11);
INSERT INTO adres (ID_adresu, Adres, ID_miasta) VALUES (73, 'ulica Wiejska 245', 23);
INSERT INTO adres (ID_adresu, Adres, ID_miasta) VALUES (74, 'ul. Harcerska 51/43', 4);
INSERT INTO adres (ID_adresu, Adres, ID_miasta) VALUES (75, 'aleja Rynek 57/67', 39);
INSERT INTO adres (ID_adresu, Adres, ID_miasta) VALUES (76, 'pl. Jagiellońska 52', 64);
INSERT INTO adres (ID_adresu, Adres, ID_miasta) VALUES (77, 'ul. Wyspiańskiego 87/92', 53);
INSERT INTO adres (ID_adresu, Adres, ID_miasta) VALUES (78, 'ul. Mała 755', 48);
INSERT INTO adres (ID_adresu, Adres, ID_miasta) VALUES (79, 'plac Drzymały 68', 70);
INSERT INTO adres (ID_adresu, Adres, ID_miasta) VALUES (80, 'ulica Lisia 67/19', 23);
INSERT INTO adres (ID_adresu, Adres, ID_miasta) VALUES (81, 'ul. Głowackiego 903', 79);
INSERT INTO adres (ID_adresu, Adres, ID_miasta) VALUES (82, 'ul. Jaworowa 41', 65);
INSERT INTO adres (ID_adresu, Adres, ID_miasta) VALUES (83, 'pl. Zbożowa 38', 24);
INSERT INTO adres (ID_adresu, Adres, ID_miasta) VALUES (84, 'pl. Klonowa 28/51', 62);
INSERT INTO adres (ID_adresu, Adres, ID_miasta) VALUES (85, 'al. Śląska 54/54', 27);
INSERT INTO adres (ID_adresu, Adres, ID_miasta) VALUES (86, 'ulica Rzemieślnicza 37', 85);
INSERT INTO adres (ID_adresu, Adres, ID_miasta) VALUES (87, 'ul. Sosnowa 50', 49);
INSERT INTO adres (ID_adresu, Adres, ID_miasta) VALUES (88, 'aleja Glówna 29', 13);
INSERT INTO adres (ID_adresu, Adres, ID_miasta) VALUES (89, 'ulica Rataja 96/93', 42);
INSERT INTO adres (ID_adresu, Adres, ID_miasta) VALUES (90, 'plac Narutowicza 55/81', 50);
INSERT INTO adres (ID_adresu, Adres, ID_miasta) VALUES (91, 'aleja Makuszyńskiego 64/55', 61);
INSERT INTO adres (ID_adresu, Adres, ID_miasta) VALUES (92, 'aleja Sawickiej 973', 85);
INSERT INTO adres (ID_adresu, Adres, ID_miasta) VALUES (93, 'pl. Turystyczna 640', 44);
INSERT INTO adres (ID_adresu, Adres, ID_miasta) VALUES (94, 'ul. Górnicza 973', 72);
INSERT INTO adres (ID_adresu, Adres, ID_miasta) VALUES (95, 'plac Chmielna 186', 58);
INSERT INTO adres (ID_adresu, Adres, ID_miasta) VALUES (96, 'ulica Zamkowa 34', 41);
INSERT INTO adres (ID_adresu, Adres, ID_miasta) VALUES (97, 'ulica Radosna 13', 72);
INSERT INTO adres (ID_adresu, Adres, ID_miasta) VALUES (98, 'aleja Moniuszki 95/29', 5);
INSERT INTO adres (ID_adresu, Adres, ID_miasta) VALUES (99, 'plac Żurawia 29/76', 70);
INSERT INTO adres (ID_adresu, Adres, ID_miasta) VALUES (100, 'aleja Wiejska 195', 68);
INSERT INTO adres (ID_adresu, Adres, ID_miasta) VALUES (101, 'ul. Wyzwolenia 15', 51);
INSERT INTO adres (ID_adresu, Adres, ID_miasta) VALUES (102, 'ulica Traugutta 50', 64);
INSERT INTO adres (ID_adresu, Adres, ID_miasta) VALUES (103, 'al. Zdrojowa 81/37', 5);
INSERT INTO adres (ID_adresu, Adres, ID_miasta) VALUES (104, 'ulica Jagodowa 01/03', 70);
INSERT INTO adres (ID_adresu, Adres, ID_miasta) VALUES (105, 'plac Srebrna 019', 30);
INSERT INTO adres (ID_adresu, Adres, ID_miasta) VALUES (106, 'pl. Słowianska 31', 66);
INSERT INTO adres (ID_adresu, Adres, ID_miasta) VALUES (107, 'ulica Narcyzowa 97', 69);
INSERT INTO adres (ID_adresu, Adres, ID_miasta) VALUES (108, 'pl. Żeromskiego 99', 70);
INSERT INTO adres (ID_adresu, Adres, ID_miasta) VALUES (109, 'ul. Rolna 283', 2);
INSERT INTO adres (ID_adresu, Adres, ID_miasta) VALUES (110, 'pl. Baczynskiego 18/13', 75);
INSERT INTO adres (ID_adresu, Adres, ID_miasta) VALUES (111, 'aleja Plater 46/45', 88);
INSERT INTO adres (ID_adresu, Adres, ID_miasta) VALUES (112, 'al. Lipowa 66/92', 12);
INSERT INTO adres (ID_adresu, Adres, ID_miasta) VALUES (113, 'al. Dębowa 08', 58);
INSERT INTO adres (ID_adresu, Adres, ID_miasta) VALUES (114, 'pl. Widokowa 55/95', 74);
INSERT INTO adres (ID_adresu, Adres, ID_miasta) VALUES (115, 'ulica Klasztorna 920', 77);
INSERT INTO adres (ID_adresu, Adres, ID_miasta) VALUES (116, 'ul. Skrajna 96/53', 8);
INSERT INTO adres (ID_adresu, Adres, ID_miasta) VALUES (117, 'plac Bukowa 36/96', 90);
INSERT INTO adres (ID_adresu, Adres, ID_miasta) VALUES (118, 'ul. Narcyzowa 60/32', 23);
INSERT INTO adres (ID_adresu, Adres, ID_miasta) VALUES (119, 'ul. Głogowa 62', 86);
INSERT INTO adres (ID_adresu, Adres, ID_miasta) VALUES (120, 'pl. Jodłowa 965', 8);
INSERT INTO adres (ID_adresu, Adres, ID_miasta) VALUES (121, 'al. Mokra 673', 68);
INSERT INTO adres (ID_adresu, Adres, ID_miasta) VALUES (122, 'plac Gdańska 864', 32);
INSERT INTO adres (ID_adresu, Adres, ID_miasta) VALUES (123, 'pl. Malczewskiego 434', 78);
INSERT INTO adres (ID_adresu, Adres, ID_miasta) VALUES (124, 'plac Tylna 023', 2);
INSERT INTO adres (ID_adresu, Adres, ID_miasta) VALUES (125, 'ulica Towarowa 39/60', 65);
INSERT INTO adres (ID_adresu, Adres, ID_miasta) VALUES (126, 'plac Glówna 965', 80);
INSERT INTO adres (ID_adresu, Adres, ID_miasta) VALUES (127, 'aleja Jarzębinowa 48', 34);
INSERT INTO adres (ID_adresu, Adres, ID_miasta) VALUES (128, 'aleja Daleka 535', 8);
INSERT INTO adres (ID_adresu, Adres, ID_miasta) VALUES (129, 'ulica Szkolna 704', 65);
INSERT INTO adres (ID_adresu, Adres, ID_miasta) VALUES (130, 'pl. Miarki 05/07', 56);
INSERT INTO adres (ID_adresu, Adres, ID_miasta) VALUES (131, 'ul. Nowowiejska 637', 84);
INSERT INTO adres (ID_adresu, Adres, ID_miasta) VALUES (132, 'ulica Stycznia 833', 30);
INSERT INTO adres (ID_adresu, Adres, ID_miasta) VALUES (133, 'aleja Leśna 584', 89);
INSERT INTO adres (ID_adresu, Adres, ID_miasta) VALUES (134, 'plac Rataja 701', 11);
INSERT INTO adres (ID_adresu, Adres, ID_miasta) VALUES (135, 'al. Pułaskiego 505', 88);
INSERT INTO adres (ID_adresu, Adres, ID_miasta) VALUES (136, 'ul. Moniuszki 988', 14);
INSERT INTO adres (ID_adresu, Adres, ID_miasta) VALUES (137, 'aleja Żytnia 10', 70);
INSERT INTO adres (ID_adresu, Adres, ID_miasta) VALUES (138, 'pl. Andersa 20', 4);
INSERT INTO adres (ID_adresu, Adres, ID_miasta) VALUES (139, 'al. Orkana 70/35', 34);
INSERT INTO adres (ID_adresu, Adres, ID_miasta) VALUES (140, 'ulica Orzeszkowej 42/37', 5);
INSERT INTO adres (ID_adresu, Adres, ID_miasta) VALUES (141, 'plac Fabryczna 383', 56);
INSERT INTO adres (ID_adresu, Adres, ID_miasta) VALUES (142, 'al. Kilińskiego 53/13', 19);
INSERT INTO adres (ID_adresu, Adres, ID_miasta) VALUES (143, 'ulica Wojciecha 080', 32);
INSERT INTO adres (ID_adresu, Adres, ID_miasta) VALUES (144, 'ul. Sportowa 731', 46);
INSERT INTO adres (ID_adresu, Adres, ID_miasta) VALUES (145, 'ulica Wiklinowa 22/31', 60);
INSERT INTO adres (ID_adresu, Adres, ID_miasta) VALUES (146, 'ulica Wspólna 21', 63);
INSERT INTO adres (ID_adresu, Adres, ID_miasta) VALUES (147, 'ul. Bukowa 56/28', 35);
INSERT INTO adres (ID_adresu, Adres, ID_miasta) VALUES (148, 'plac Lawendowa 516', 16);
INSERT INTO adres (ID_adresu, Adres, ID_miasta) VALUES (149, 'aleja Czereśniowa 83', 77);
INSERT INTO adres (ID_adresu, Adres, ID_miasta) VALUES (150, 'ulica Zakątek 427', 20);
INSERT INTO adres (ID_adresu, Adres, ID_miasta) VALUES (151, 'ulica Swierkowa 32', 50);
INSERT INTO adres (ID_adresu, Adres, ID_miasta) VALUES (152, 'ulica Agrestowa 42', 40);
INSERT INTO adres (ID_adresu, Adres, ID_miasta) VALUES (153, 'plac Rejtana 558', 5);
INSERT INTO adres (ID_adresu, Adres, ID_miasta) VALUES (154, 'plac Nałkowskiej 629', 39);
INSERT INTO adres (ID_adresu, Adres, ID_miasta) VALUES (155, 'plac Willowa 66/15', 41);
INSERT INTO adres (ID_adresu, Adres, ID_miasta) VALUES (156, 'pl. Parkowa 97/91', 55);
INSERT INTO adres (ID_adresu, Adres, ID_miasta) VALUES (157, 'aleja Ptasia 59/43', 28);
INSERT INTO adres (ID_adresu, Adres, ID_miasta) VALUES (158, 'al. Zakątek 37', 89);
INSERT INTO adres (ID_adresu, Adres, ID_miasta) VALUES (159, 'aleja Skargi 61/24', 9);
INSERT INTO adres (ID_adresu, Adres, ID_miasta) VALUES (160, 'al. Malinowa 74', 74);
INSERT INTO adres (ID_adresu, Adres, ID_miasta) VALUES (161, 'plac Grunwaldzka 725', 70);
INSERT INTO adres (ID_adresu, Adres, ID_miasta) VALUES (162, 'ul. Mostowa 94/54', 71);
INSERT INTO adres (ID_adresu, Adres, ID_miasta) VALUES (163, 'ul. Tulipanowa 186', 90);
INSERT INTO adres (ID_adresu, Adres, ID_miasta) VALUES (164, 'pl. Myśliwska 779', 81);
INSERT INTO adres (ID_adresu, Adres, ID_miasta) VALUES (165, 'al. Kolejowa 90', 82);
INSERT INTO adres (ID_adresu, Adres, ID_miasta) VALUES (166, 'ul. Norwida 11', 58);
INSERT INTO adres (ID_adresu, Adres, ID_miasta) VALUES (167, 'aleja Andersa 10', 33);
INSERT INTO adres (ID_adresu, Adres, ID_miasta) VALUES (168, 'al. Niecała 25/42', 46);
INSERT INTO adres (ID_adresu, Adres, ID_miasta) VALUES (169, 'ul. Konopnickiej 77', 65);
INSERT INTO adres (ID_adresu, Adres, ID_miasta) VALUES (170, 'pl. Kwiatowa 22/60', 28);
INSERT INTO adres (ID_adresu, Adres, ID_miasta) VALUES (171, 'pl. Tylna 02/90', 1);
INSERT INTO adres (ID_adresu, Adres, ID_miasta) VALUES (172, 'al. Łanowa 929', 48);
INSERT INTO adres (ID_adresu, Adres, ID_miasta) VALUES (173, 'ulica Kreta 18/15', 43);
INSERT INTO adres (ID_adresu, Adres, ID_miasta) VALUES (174, 'al. Chabrowa 71/92', 44);
INSERT INTO adres (ID_adresu, Adres, ID_miasta) VALUES (175, 'ul. Zaciszna 46', 81);
INSERT INTO adres (ID_adresu, Adres, ID_miasta) VALUES (176, 'ul. Bankowa 331', 57);
INSERT INTO adres (ID_adresu, Adres, ID_miasta) VALUES (177, 'plac Stroma 59', 28);
INSERT INTO adres (ID_adresu, Adres, ID_miasta) VALUES (178, 'aleja Fiołkowa 79', 3);
INSERT INTO adres (ID_adresu, Adres, ID_miasta) VALUES (179, 'ul. Orla 24', 45);
INSERT INTO adres (ID_adresu, Adres, ID_miasta) VALUES (180, 'aleja Zielona 76', 5);
INSERT INTO adres (ID_adresu, Adres, ID_miasta) VALUES (181, 'al. Liliowa 04', 48);
INSERT INTO adres (ID_adresu, Adres, ID_miasta) VALUES (182, 'plac Toruńska 09/07', 74);
INSERT INTO adres (ID_adresu, Adres, ID_miasta) VALUES (183, 'ulica Truskawkowa 038', 20);
INSERT INTO adres (ID_adresu, Adres, ID_miasta) VALUES (184, 'aleja Dobra 95/12', 16);
INSERT INTO adres (ID_adresu, Adres, ID_miasta) VALUES (185, 'ulica Modrzewiowa 78', 79);
INSERT INTO adres (ID_adresu, Adres, ID_miasta) VALUES (186, 'ulica Wiatraczna 396', 32);
INSERT INTO adres (ID_adresu, Adres, ID_miasta) VALUES (187, 'pl. Gdańska 19', 52);
INSERT INTO adres (ID_adresu, Adres, ID_miasta) VALUES (188, 'ulica Lubelska 698', 25);
INSERT INTO adres (ID_adresu, Adres, ID_miasta) VALUES (189, 'ul. Hallera 308', 77);
INSERT INTO adres (ID_adresu, Adres, ID_miasta) VALUES (190, 'al. Jana Sobieskiego 323', 78);
INSERT INTO adres (ID_adresu, Adres, ID_miasta) VALUES (191, 'aleja Kaszubska 703', 30);
INSERT INTO adres (ID_adresu, Adres, ID_miasta) VALUES (192, 'al. Fiołkowa 07', 49);
INSERT INTO adres (ID_adresu, Adres, ID_miasta) VALUES (193, 'ul. Rajska 49', 58);
INSERT INTO adres (ID_adresu, Adres, ID_miasta) VALUES (194, 'pl. Koralowa 54', 28);
INSERT INTO adres (ID_adresu, Adres, ID_miasta) VALUES (195, 'ul. Bałtycka 28/59', 43);
INSERT INTO adres (ID_adresu, Adres, ID_miasta) VALUES (196, 'al. Jastrzębia 93', 49);
INSERT INTO adres (ID_adresu, Adres, ID_miasta) VALUES (197, 'pl. Drzymały 15', 43);
INSERT INTO adres (ID_adresu, Adres, ID_miasta) VALUES (198, 'pl. Malinowa 03/23', 60);
INSERT INTO adres (ID_adresu, Adres, ID_miasta) VALUES (199, 'ulica Asnyka 43/84', 56);
INSERT INTO adres (ID_adresu, Adres, ID_miasta) VALUES (200, 'ulica Stefana Batorego 56', 29);
INSERT INTO adres (ID_adresu, Adres, ID_miasta) VALUES (201, 'aleja Malinowa 34/94', 82);
INSERT INTO adres (ID_adresu, Adres, ID_miasta) VALUES (202, 'al. Południowa 152', 37);
INSERT INTO adres (ID_adresu, Adres, ID_miasta) VALUES (203, 'ulica Młynarska 88/36', 82);
INSERT INTO adres (ID_adresu, Adres, ID_miasta) VALUES (204, 'plac Żwirki i Wigury 37', 86);
INSERT INTO adres (ID_adresu, Adres, ID_miasta) VALUES (205, 'al. Lisia 40', 86);
INSERT INTO adres (ID_adresu, Adres, ID_miasta) VALUES (206, 'plac Miodowa 297', 82);
INSERT INTO adres (ID_adresu, Adres, ID_miasta) VALUES (207, 'al. Miłosza 91', 51);
INSERT INTO adres (ID_adresu, Adres, ID_miasta) VALUES (208, 'plac Zaułek 97', 87);
INSERT INTO adres (ID_adresu, Adres, ID_miasta) VALUES (209, 'pl. Nowowiejska 11/85', 89);
INSERT INTO adres (ID_adresu, Adres, ID_miasta) VALUES (210, 'plac Chabrowa 16', 56);
INSERT INTO adres (ID_adresu, Adres, ID_miasta) VALUES (211, 'aleja Żabia 19/73', 53);
INSERT INTO adres (ID_adresu, Adres, ID_miasta) VALUES (212, 'aleja Widok 49/72', 66);
INSERT INTO adres (ID_adresu, Adres, ID_miasta) VALUES (213, 'al. Dębowa 88', 21);
INSERT INTO adres (ID_adresu, Adres, ID_miasta) VALUES (214, 'aleja Rolnicza 498', 66);
INSERT INTO adres (ID_adresu, Adres, ID_miasta) VALUES (215, 'pl. Mostowa 47/97', 63);
INSERT INTO adres (ID_adresu, Adres, ID_miasta) VALUES (216, 'pl. Cedrowa 621', 77);
INSERT INTO adres (ID_adresu, Adres, ID_miasta) VALUES (217, 'ul. Cicha 62/20', 53);
INSERT INTO adres (ID_adresu, Adres, ID_miasta) VALUES (218, 'al. Stefana Batorego 26', 66);
INSERT INTO adres (ID_adresu, Adres, ID_miasta) VALUES (219, 'plac Żytnia 96/46', 13);
INSERT INTO adres (ID_adresu, Adres, ID_miasta) VALUES (220, 'pl. Spółdzielcza 16', 63);
INSERT INTO adres (ID_adresu, Adres, ID_miasta) VALUES (221, 'ulica Rybacka 914', 86);
INSERT INTO adres (ID_adresu, Adres, ID_miasta) VALUES (222, 'ulica Brzozowa 91/65', 43);
INSERT INTO adres (ID_adresu, Adres, ID_miasta) VALUES (223, 'ul. Toruńska 38/66', 42);
INSERT INTO adres (ID_adresu, Adres, ID_miasta) VALUES (224, 'ul. Konarskiego 60/21', 85);
INSERT INTO adres (ID_adresu, Adres, ID_miasta) VALUES (225, 'ulica Grabowa 99', 61);
INSERT INTO adres (ID_adresu, Adres, ID_miasta) VALUES (226, 'aleja Leśna 232', 69);
INSERT INTO adres (ID_adresu, Adres, ID_miasta) VALUES (227, 'pl. Strzelecka 46', 39);
INSERT INTO adres (ID_adresu, Adres, ID_miasta) VALUES (228, 'pl. Staszica 28', 34);
INSERT INTO adres (ID_adresu, Adres, ID_miasta) VALUES (229, 'ul. Powstańców Wielkopolskich 57', 68);
INSERT INTO adres (ID_adresu, Adres, ID_miasta) VALUES (230, 'plac Myśliwska 95', 11);
INSERT INTO adres (ID_adresu, Adres, ID_miasta) VALUES (231, 'ul. Rózana 961', 71);
INSERT INTO adres (ID_adresu, Adres, ID_miasta) VALUES (232, 'al. Asnyka 432', 48);
INSERT INTO adres (ID_adresu, Adres, ID_miasta) VALUES (233, 'al. Rataja 33/52', 30);
INSERT INTO adres (ID_adresu, Adres, ID_miasta) VALUES (234, 'ul. Szewska 72/03', 69);
INSERT INTO adres (ID_adresu, Adres, ID_miasta) VALUES (235, 'ul. Żabia 95', 1);
INSERT INTO adres (ID_adresu, Adres, ID_miasta) VALUES (236, 'ul. Cisowa 03/66', 58);
INSERT INTO adres (ID_adresu, Adres, ID_miasta) VALUES (237, 'ulica Podwale 75/63', 27);
INSERT INTO adres (ID_adresu, Adres, ID_miasta) VALUES (238, 'aleja Towarowa 940', 75);
INSERT INTO adres (ID_adresu, Adres, ID_miasta) VALUES (239, 'pl. Morelowa 32/09', 35);
INSERT INTO adres (ID_adresu, Adres, ID_miasta) VALUES (240, 'ul. Sportowa 91/47', 44);
INSERT INTO adres (ID_adresu, Adres, ID_miasta) VALUES (241, 'ulica Piastowska 028', 53);
INSERT INTO adres (ID_adresu, Adres, ID_miasta) VALUES (242, 'ul. Wiślana 298', 64);
INSERT INTO adres (ID_adresu, Adres, ID_miasta) VALUES (243, 'plac Kwiatowa 84/25', 16);
INSERT INTO adres (ID_adresu, Adres, ID_miasta) VALUES (244, 'plac Grabowa 206', 29);
INSERT INTO adres (ID_adresu, Adres, ID_miasta) VALUES (245, 'aleja Listopada 358', 27);
INSERT INTO adres (ID_adresu, Adres, ID_miasta) VALUES (246, 'plac Armii Krajowej 15/42', 10);
INSERT INTO adres (ID_adresu, Adres, ID_miasta) VALUES (247, 'aleja Czereśniowa 83/86', 65);
INSERT INTO adres (ID_adresu, Adres, ID_miasta) VALUES (248, 'ul. Stefana Batorego 204', 41);
INSERT INTO adres (ID_adresu, Adres, ID_miasta) VALUES (249, 'al. Słowianska 88/77', 70);
INSERT INTO adres (ID_adresu, Adres, ID_miasta) VALUES (250, 'aleja Wesoła 30', 79);
INSERT INTO adres (ID_adresu, Adres, ID_miasta) VALUES (251, 'ulica Zapolskiej 75', 64);
INSERT INTO adres (ID_adresu, Adres, ID_miasta) VALUES (252, 'pl. Pszenna 042', 23);
INSERT INTO adres (ID_adresu, Adres, ID_miasta) VALUES (253, 'ulica Rubinowa 553', 21);
INSERT INTO adres (ID_adresu, Adres, ID_miasta) VALUES (254, 'pl. Przemysłowa 697', 42);
INSERT INTO adres (ID_adresu, Adres, ID_miasta) VALUES (255, 'plac Makowa 65/53', 24);
INSERT INTO adres (ID_adresu, Adres, ID_miasta) VALUES (256, 'pl. Szarych Szeregów 43', 19);
INSERT INTO adres (ID_adresu, Adres, ID_miasta) VALUES (257, 'pl. Okrężna 21', 3);
INSERT INTO adres (ID_adresu, Adres, ID_miasta) VALUES (258, 'plac Kilińskiego 97', 20);
INSERT INTO adres (ID_adresu, Adres, ID_miasta) VALUES (259, 'ulica Miarki 87', 75);
INSERT INTO adres (ID_adresu, Adres, ID_miasta) VALUES (260, 'al. Klasztorna 74/18', 72);
INSERT INTO adres (ID_adresu, Adres, ID_miasta) VALUES (261, 'ul. Zaułek 24', 46);
INSERT INTO adres (ID_adresu, Adres, ID_miasta) VALUES (262, 'pl. Rolnicza 47/39', 45);
INSERT INTO adres (ID_adresu, Adres, ID_miasta) VALUES (263, 'ul. Wspólna 73/34', 89);
INSERT INTO adres (ID_adresu, Adres, ID_miasta) VALUES (264, 'ul. Szewska 36/12', 89);
INSERT INTO adres (ID_adresu, Adres, ID_miasta) VALUES (265, 'aleja Lawendowa 80', 41);
INSERT INTO adres (ID_adresu, Adres, ID_miasta) VALUES (266, 'ulica Waryńskiego 32', 88);
INSERT INTO adres (ID_adresu, Adres, ID_miasta) VALUES (267, 'aleja Wiśniowa 35', 11);
INSERT INTO adres (ID_adresu, Adres, ID_miasta) VALUES (268, 'pl. Szmaragdowa 81', 24);
INSERT INTO adres (ID_adresu, Adres, ID_miasta) VALUES (269, 'ul. Wyspiańskiego 767', 9);
INSERT INTO adres (ID_adresu, Adres, ID_miasta) VALUES (270, 'aleja Batalionów Chłopskich 977', 16);
INSERT INTO adres (ID_adresu, Adres, ID_miasta) VALUES (271, 'ul. Tulipanowa 04', 25);
INSERT INTO adres (ID_adresu, Adres, ID_miasta) VALUES (272, 'ulica Wypoczynkowa 02/79', 39);
INSERT INTO adres (ID_adresu, Adres, ID_miasta) VALUES (273, 'pl. Letniskowa 282', 87);
INSERT INTO adres (ID_adresu, Adres, ID_miasta) VALUES (274, 'ul. Gdańska 852', 44);
INSERT INTO adres (ID_adresu, Adres, ID_miasta) VALUES (275, 'aleja Zakątek 222', 79);
INSERT INTO adres (ID_adresu, Adres, ID_miasta) VALUES (276, 'ul. Chabrowa 796', 24);
INSERT INTO adres (ID_adresu, Adres, ID_miasta) VALUES (277, 'al. Słowicza 34', 45);
INSERT INTO adres (ID_adresu, Adres, ID_miasta) VALUES (278, 'ulica Boczna 64/37', 89);
INSERT INTO adres (ID_adresu, Adres, ID_miasta) VALUES (279, 'ulica Pałacowa 58', 21);
INSERT INTO adres (ID_adresu, Adres, ID_miasta) VALUES (280, 'al. Okrężna 87/03', 67);
INSERT INTO adres (ID_adresu, Adres, ID_miasta) VALUES (281, 'pl. Towarowa 92/95', 77);
INSERT INTO adres (ID_adresu, Adres, ID_miasta) VALUES (282, 'pl. Jarzębinowa 11/99', 30);
INSERT INTO adres (ID_adresu, Adres, ID_miasta) VALUES (283, 'plac Piłsudskiego 053', 20);
INSERT INTO adres (ID_adresu, Adres, ID_miasta) VALUES (284, 'al. Mostowa 14/88', 2);
INSERT INTO adres (ID_adresu, Adres, ID_miasta) VALUES (285, 'pl. Radosna 21', 1);
INSERT INTO adres (ID_adresu, Adres, ID_miasta) VALUES (286, 'ul. Borowa 84/94', 5);
INSERT INTO adres (ID_adresu, Adres, ID_miasta) VALUES (287, 'ulica Szczęśliwa 811', 28);
INSERT INTO adres (ID_adresu, Adres, ID_miasta) VALUES (288, 'plac Klasztorna 61/65', 47);
INSERT INTO adres (ID_adresu, Adres, ID_miasta) VALUES (289, 'ul. Osiedlowa 324', 59);
INSERT INTO adres (ID_adresu, Adres, ID_miasta) VALUES (290, 'pl. Harcerska 202', 7);
INSERT INTO adres (ID_adresu, Adres, ID_miasta) VALUES (291, 'pl. Dębowa 549', 30);
INSERT INTO adres (ID_adresu, Adres, ID_miasta) VALUES (292, 'plac Wilcza 65/93', 52);
INSERT INTO adres (ID_adresu, Adres, ID_miasta) VALUES (293, 'pl. Przechodnia 53', 25);
INSERT INTO adres (ID_adresu, Adres, ID_miasta) VALUES (294, 'plac Kossaka 456', 56);
INSERT INTO adres (ID_adresu, Adres, ID_miasta) VALUES (295, 'aleja Konarskiego 16', 4);
INSERT INTO adres (ID_adresu, Adres, ID_miasta) VALUES (296, 'ul. Kwiatowa 21', 38);
INSERT INTO adres (ID_adresu, Adres, ID_miasta) VALUES (297, 'al. Promienna 93/58', 60);
INSERT INTO adres (ID_adresu, Adres, ID_miasta) VALUES (298, 'pl. Krasickiego 025', 37);
INSERT INTO adres (ID_adresu, Adres, ID_miasta) VALUES (299, 'al. Śląska 240', 15);
INSERT INTO adres (ID_adresu, Adres, ID_miasta) VALUES (300, 'ul. Kalinowa 03', 71);
INSERT INTO cennik_biletow (ID_biletu, Rodzaj_biletu, Opis_biletu, Cena) VALUES (1, 'Normalny', 'Bilet wstępu dla osób dorosłych', 140.0);
INSERT INTO cennik_biletow (ID_biletu, Rodzaj_biletu, Opis_biletu, Cena) VALUES (2, 'Ulgowy', 'Bilet dla dzieci, studentów i seniorów', 90.0);
INSERT INTO cennik_biletow (ID_biletu, Rodzaj_biletu, Opis_biletu, Cena) VALUES (3, 'VIP', 'Bilet na wejście bez kolejek + strefa SPA', 390.0);
INSERT INTO cennik_biletow (ID_biletu, Rodzaj_biletu, Opis_biletu, Cena) VALUES (4, 'Rodzinny', 'Bilet zawierający pakiet dla 2 dorosłych i 2 dzieci', 370.0);
INSERT INTO ubezpieczenia (ID_ubezpieczenia,Nazwa_ubezpieczenia, Opis_ubezpieczenia, Cena) VALUES (1, 'Papa Smerf', 'NNW na terenie całego parku', 45.0);
INSERT INTO ubezpieczenia (ID_ubezpieczenia,Nazwa_ubezpieczenia, Opis_ubezpieczenia, Cena) VALUES (2, 'Anty-Grawitacja', 'Odszkodowanie, gdyby rollercoaster wystrzelił Cię w kosmos', 29.99);
INSERT INTO ubezpieczenia (ID_ubezpieczenia,Nazwa_ubezpieczenia, Opis_ubezpieczenia, Cena) VALUES (3, 'Ochrona Fryzury', 'Pokrycie kosztów fryzjera po jeździe rollercoasterem', 15.5);
INSERT INTO ubezpieczenia (ID_ubezpieczenia,Nazwa_ubezpieczenia, Opis_ubezpieczenia, Cena) VALUES (4, 'Anty-Podjadacz', 'Odszkodowanie za lody skradzione przez parkowe papugi', 5.99);

SET FOREIGN_KEY_CHECKS = 1;
